time_connect,time_starttransfer,time_total,available,node_version,alias,address,endpoint,protocol
0.12229,0.213716,0.21377,true,6.3.0-unknown,fewensa,0x6B1F72D45FAe62Bc56fe981754cBf73672EFD26c,eu1.cntb.kahub.in:9203,http
0.163597,0.481968,0.482018,true,6.1.0-unknown,hukfrog,0x3C7533361d051Fa9eA2D730FF852b7b0214E3A0F,54.250.172.141:9933,http
0.093374,0.186425,0.186471,true,6.1.0-unknown,guantong,0x65f1430B40f18629a1cd5F3c2b7607F985E3E103,194.163.139.117:8833,http
0.099142,0.197514,0.197566,true,6.3.0-unknown,fewensa,0x6B1F72D45FAe62Bc56fe981754cBf73672EFD26c,eu1.cntb.kahub.in:9204,ws
0.163427,0.481485,0.481555,true,6.1.0-unknown,hukfrog,0x3C7533361d051Fa9eA2D730FF852b7b0214E3A0F,54.250.172.141:9933,ws
0.093404,0.188225,0.188291,true,6.1.0-unknown,guantong,0x65f1430B40f18629a1cd5F3c2b7607F985E3E103,194.163.139.117:8844,ws
