time_connect,time_starttransfer,time_total,available,node_version,alias,address,endpoint,protocol
0.099208,0.196756,0.196804,true,6.3.0-unknown,fewensa,0x6B1F72D45FAe62Bc56fe981754cBf73672EFD26c,eu1.cntb.kahub.in:9203,http
0.163181,0.481833,0.481887,true,6.1.0-unknown,hukfrog,0x3C7533361d051Fa9eA2D730FF852b7b0214E3A0F,54.250.172.141:9933,http
0.090038,0.180383,0.180434,true,6.1.0-unknown,guantong,0x65f1430B40f18629a1cd5F3c2b7607F985E3E103,194.163.139.117:8833,http
0.101622,0.192056,0.192105,true,6.3.0-unknown,fewensa,0x6B1F72D45FAe62Bc56fe981754cBf73672EFD26c,eu1.cntb.kahub.in:9204,ws
0.159316,0.473322,0.473375,true,6.1.0-unknown,hukfrog,0x3C7533361d051Fa9eA2D730FF852b7b0214E3A0F,54.250.172.141:9933,ws
0.093587,0.186978,0.187045,true,6.1.0-unknown,guantong,0x65f1430B40f18629a1cd5F3c2b7607F985E3E103,194.163.139.117:8844,ws
