time_connect,time_starttransfer,time_total,available,node_version,alias,address,endpoint,protocol
0.125269,0.228969,0.229023,true,6.3.0-unknown,fewensa,0x6B1F72D45FAe62Bc56fe981754cBf73672EFD26c,eu1.cntb.kahub.in:9203,http
0.156249,0.635117,0.63516,true,6.1.0-unknown,hukfrog,0x3C7533361d051Fa9eA2D730FF852b7b0214E3A0F,54.250.172.141:9933,http
0.09391,0.18812,0.188176,true,6.1.0-unknown,guantong,0x65f1430B40f18629a1cd5F3c2b7607F985E3E103,194.163.139.117:8833,http
0.109197,0.211948,0.212003,true,6.3.0-unknown,fewensa,0x6B1F72D45FAe62Bc56fe981754cBf73672EFD26c,eu1.cntb.kahub.in:9204,ws
0.159957,0.483191,0.483246,true,6.1.0-unknown,hukfrog,0x3C7533361d051Fa9eA2D730FF852b7b0214E3A0F,54.250.172.141:9933,ws
0.093574,0.189515,0.189577,true,6.1.0-unknown,guantong,0x65f1430B40f18629a1cd5F3c2b7607F985E3E103,194.163.139.117:8844,ws
