time_connect,time_starttransfer,time_total,available,node_version,alias,address,endpoint,protocol
0.099291,0.19159,0.191628,true,6.3.0-unknown,fewensa,0x6B1F72D45FAe62Bc56fe981754cBf73672EFD26c,eu1.cntb.kahub.in:9203,http
0.09013,0.180511,0.180552,true,6.1.0-unknown,guantong,0x65f1430B40f18629a1cd5F3c2b7607F985E3E103,194.163.139.117:8833,http
0.097461,0.187265,0.187369,true,6.3.0-unknown,fewensa,0x6B1F72D45FAe62Bc56fe981754cBf73672EFD26c,eu1.cntb.kahub.in:9204,ws
0.090371,0.181015,0.181086,true,6.1.0-unknown,guantong,0x65f1430B40f18629a1cd5F3c2b7607F985E3E103,194.163.139.117:8844,ws
