time_connect,time_starttransfer,time_total,available,node_version,alias,address,endpoint,protocol
0.179194,0.327545,0.327619,true,6.3.0-unknown,fewensa,0x6B1F72D45FAe62Bc56fe981754cBf73672EFD26c,eu1.cntb.kahub.in:9203,http
0.110457,0.699737,0.699779,true,6.1.0-unknown,hukfrog,0x3C7533361d051Fa9eA2D730FF852b7b0214E3A0F,54.250.172.141:9933,http
0.148262,0.297054,0.297095,true,6.1.0-unknown,guantong,0x65f1430B40f18629a1cd5F3c2b7607F985E3E103,194.163.139.117:8833,http
0.178584,0.326745,0.326789,true,6.3.0-unknown,fewensa,0x6B1F72D45FAe62Bc56fe981754cBf73672EFD26c,eu1.cntb.kahub.in:9204,ws
0.107683,0.529114,0.52916,true,6.1.0-unknown,hukfrog,0x3C7533361d051Fa9eA2D730FF852b7b0214E3A0F,54.250.172.141:9933,ws
0.148383,0.296631,0.296673,true,6.1.0-unknown,guantong,0x65f1430B40f18629a1cd5F3c2b7607F985E3E103,194.163.139.117:8844,ws
